Date,Sales,TV Spend,Radio Spend,Social Media Spend,Price,Holiday
2023-01-01,152.0,7863.0,3078.784161380961,1169,17.37,0
2023-01-02,485.0,8916.0,2207.0,2665,13.23,0
2023-01-03,398.0,9529.0,3277.0,2246,27.13,0
2023-01-04,320.0,1878.0,2233.0,1868,37.54,0
2023-01-06,121.0,5859.0,702.0,2427,46.61,0
2023-01-07,238.0,7331.0,3755.0,2644,27.69,0
2023-01-08,70.0,9571.0,4718.0,401,19.59,1
2023-01-09,152.0,9684.0,4996.0,280,13.75,0
2023-01-10,171.0,8208.0,1266.0,706,17.31,0
2023-01-12,380.0,3062.0,2827.0,1092,35.53,1
2023-01-13,137.0,1064.0,3431.0,1239,30.67,1
2023-01-14,422.0,9006.0,697.0,290,36.28,0
2023-01-15,149.0,3568.0,2430.0,2400,27.43,0
2023-01-16,409.0,6463.0,4082.0,1080,39.2,0
2023-01-17,201.0,3027.0,1108.0,2106,11.91,0
2023-01-18,180.0,3695.0,3772.0,1284,32.64,1
2023-01-19,199.0,6258.0,1647.0,227,16.35,0
2023-01-20,358.0,6618.0,4782.0,2165,14.81,0
2023-01-21,307.0,7736.0,3897.0,1916,23.68,0
2023-01-22,393.0,1391.0,3011.0,1858,13.67,0
2023-01-23,463.0,6892.0,2294.0,2713,13.77,0
2023-01-24,343.0,4561.0,1159.0,669,22.46,0
2023-01-25,435.0,7184.0,3311.0,1446,49.18,0
2023-01-28,326.0,9392.0,646.0,725,40.53,0
2023-01-29,210.0,4104.0,3719.0,1786,42.28,0
2023-01-31,71.0,3454.0,2234.0,2637,28.59,0
2023-02-01,302.0,8578.194529456274,2343.0,1509,35.99,0
2023-02-02,285.0,3731.0,988.0,884,11.92,0
2023-02-03,394.0,9154.0,3476.0,345,47.97,1
2023-02-04,98.0,6056.0,2459.0,1600,45.47,0
2023-02-05,108.0,9110.0,2885.0,1805,20.44,0
2023-02-06,219.0,4840.0,3419.0,2906,10.61,0
2023-02-07,237.0,2028.0,2302.0,637,47.34,0
2023-02-08,320.0,8385.0,4561.0,1990,30.04,0
2023-02-09,239.0,1502.0,3869.0,1941,31.58,0
2023-02-10,495.0,7910.0,762.0,1020,37.36,0
2023-02-11,224.0,7938.0,1123.0,2555,34.63,0
2023-02-12,495.0,5488.0,1516.0,624,47.76,0
2023-02-13,100.0,1206.0,4143.0,2975,47.77,0
2023-02-14,413.0,6134.0,2549.0,1629,44.69,0
2023-02-15,104.0,6977.0,4223.0,135,35.46,0
2023-02-16,293.0,8721.0,3608.0,784,42.04,0
2023-02-17,369.0,8035.0,4590.0,119,37.09,0
2023-02-18,180.0,2484.0,2556.0,2468,32.93,0
2023-02-19,356.0,8858.0,3670.0,2659,15.14,0
2023-02-20,184.0,1863.0,2182.0,499,42.45,0
2023-02-21,70.0,3790.0,2755.0,2801,42.83,0
2023-02-22,378.0,8408.0,1654.0,1071,42.96327437627755,0
2023-02-23,216.0,9755.0,4999.0,2006,42.82,0
2023-02-24,323.0,6116.0,3691.0,2618,36.06,0
2023-02-25,437.0,7019.0,2196.0,1266,18.27,0
2023-02-26,138.0,2757.0,4491.0,1215,20.96,0
2023-02-27,365.0,8574.0,2148.0,933,18.58,0
2023-02-28,63.0,7374.0,1945.0,1923,25.09,1
2023-03-01,291.0,7892.0,4699.0,2874,11.56,0
2023-03-02,314.0,2678.0,4423.0,2082,34.73,0
2023-03-03,395.0,4242.0,753.0,953,23.46,0
2023-03-04,102.0,5636.0,3683.0,150,36.23,1
2023-03-05,435.0,2059.0,3057.0,674,25.42,1
2023-03-07,141.0,4157.0,2700.0,2297,23.62,0
2023-03-08,416.0,6915.0,3461.0,2461,20.43,0
2023-03-09,493.0,3693.0,4933.0,2717,29.84,0
2023-03-10,477.0,4627.0,4277.0,2452,56.45314149442771,0
2023-03-11,313.0,6450.0,3369.0,1815,23.93,0
2023-03-12,480.0,2663.0,3734.0,781,47.47,1
2023-03-13,84.0,6579.904910369726,4291.0,937,11.57,0
2023-03-14,255.0,8392.0,1456.0,1177,26.72,0
2023-03-15,130.0,2024.3233666299636,4567.0,2591,48.7,0
2023-03-16,469.0,7776.0,660.0,2760,31.92,1
2023-03-17,99.0,6864.0,4993.0,2411,26.94,1
2023-03-19,437.0,9901.0,4487.0,104,33.04,0
2023-03-20,51.0,6575.0,2027.0,1226,39.27,0
2023-03-21,439.0,6530.0,1718.0,1319,15.11,0
2023-03-22,103.0,5413.0,4996.0,873,20.0,0
2023-03-23,155.0,4748.0,3604.0,976,33.22,0
2023-03-24,309.0,1663.0,3235.0,1091,44.68,0
2023-03-25,359.0,2998.0,1454.0,146,32.47,0
2023-03-26,240.0,8994.0,3946.0,2970,19.54,0
2023-03-28,267.0,4304.0,2193.0,368,39.6,0
2023-03-29,93.0,4763.0,3936.0,469,19.53,0
2023-03-30,211.0,6232.0,1062.0,735,25.11,0
2023-03-31,251.0,2853.0,2985.0,1229,31.37,0
2023-04-01,495.0,7585.0,3854.0,1793,29.86,0
2023-04-02,319.0,2291.0,725.0,1782,25.58,0
2023-04-03,400.0,4581.0,1459.0,756,21.91,0
2023-04-04,353.0,8554.0,3567.0,219,14.0,0
2023-04-05,320.0,8280.0,1315.0,930,12.14,0
2023-04-07,301.0,4696.0,516.0,1181,43.89,0
2023-04-09,177.21682786531406,5737.0,2705.0,1469,48.27,1
2023-04-10,262.0,1854.0,3024.0,840,37.07,0
